{"lati":39.96632277840283,"longi":116.3639911849934}
